Symbol,Date,Open,High,Low,Close
KSE-100,01-Jan-16,32841.49,33256.85,32829.89,33228.95
KSE-100,04-Jan-16,33261.16,33304.53,32968.4,33009.13
KSE-100,05-Jan-16,32804.33,33027.33,32513.65,32983.47
KSE-100,06-Jan-16,33036.63,33123.53,32930.37,32968.26
KSE-100,07-Jan-16,32871.54,32920.12,32651.72,32682.5
KSE-100,08-Jan-16,32716.16,32775.67,32476.42,32534.85
KSE-100,11-Jan-16,32544.54,32555.21,32290.31,32320.05
KSE-100,12-Jan-16,32275.02,32331.41,32005.22,32265.65
KSE-100,13-Jan-16,32323.39,32484.44,32062.08,32154.17
KSE-100,14-Jan-16,32093.21,32093.21,31364.13,31441.02
KSE-100,15-Jan-16,31501.67,31637.22,30885.88,31001.49
KSE-100,18-Jan-16,30814.13,30814.13,29784.6,30628.4
KSE-100,19-Jan-16,30685.33,31136.3,30549.86,31092.61
KSE-100,20-Jan-16,30969.53,30969.53,30689.84,30766.01
KSE-100,21-Jan-16,30808.38,31029.17,30705.53,30751.8
KSE-100,22-Jan-16,30903.93,30999.05,30815.07,30949.03
KSE-100,25-Jan-16,31089.65,31322.59,30978.4,31065.13
KSE-100,26-Jan-16,30962.95,31140.11,30884.93,31074.38
KSE-100,27-Jan-16,31182.76,31386.35,31064.91,31101.38
KSE-100,28-Jan-16,31201.94,31247.85,31051.68,31193.73
KSE-100,29-Jan-16,31281.78,31461.52,31260.16,31298.6
KSE-100,01-Feb-16,31310.67,31891.47,31285.18,31878.15
KSE-100,02-Feb-16,31884.86,32174.16,31866.77,31960.61
KSE-100,03-Feb-16,31886.11,32183.94,31776.68,32084.06
KSE-100,04-Feb-16,32221.79,32504.27,32221.79,32478.98
KSE-100,08-Feb-16,32474.6,32851.23,32461.91,32706.22
KSE-100,09-Feb-16,32716.32,32717.41,32421.02,32444.2
KSE-100,10-Feb-16,32376.18,32464.54,32104.55,32144.59
KSE-100,11-Feb-16,32119.68,32205.46,31782.55,31820.54
KSE-100,12-Feb-16,31838.37,31913.27,31389.2,31464.16
KSE-100,15-Feb-16,31669.32,31970.85,31669.32,31928.15
KSE-100,16-Feb-16,32052.99,32159.26,31608.7,31673.16
KSE-100,17-Feb-16,31705.86,31705.86,31334.41,31469.7
KSE-100,18-Feb-16,31590.75,31707.89,31249.36,31282.44
KSE-100,19-Feb-16,31295,31295,30946.36,31011.77
KSE-100,22-Feb-16,31027.35,31064.95,30599.74,30677.68
KSE-100,23-Feb-16,30731.01,30841.73,30275.61,30564.5
KSE-100,24-Feb-16,30506.85,30898.3,30474.37,30786.6
KSE-100,25-Feb-16,30828.91,30937.35,30712.85,30802.53
KSE-100,26-Feb-16,30856.24,31329.74,30856.24,31294.08
KSE-100,29-Feb-16,31303.18,31434.61,31219.14,31369.51
KSE-100,01-Mar-16,31384.67,31538.65,31321.7,31509.11
KSE-100,02-Mar-16,31575.34,31876.82,31575.34,31772.9
KSE-100,03-Mar-16,31859.4,32234.51,31859.4,32146.58
KSE-100,04-Mar-16,32214.02,32480.44,32214.02,32441.74
KSE-100,07-Mar-16,32463.9,33030.29,32463.9,33022.6
KSE-100,08-Mar-16,33040.78,33211.47,32933.13,33032.85
KSE-100,09-Mar-16,33025.8,33086.66,32892.35,32957.98
KSE-100,10-Mar-16,32968.56,33080.68,32671.23,32710.56
KSE-100,11-Mar-16,32733.22,32758.36,32523.19,32669.16
KSE-100,14-Mar-16,32699.04,32878.78,32699.04,32738.56
KSE-100,15-Mar-16,32749.23,32769.18,32585.04,32623.02
KSE-100,16-Mar-16,32661.76,32941.44,32656.84,32891.08
KSE-100,17-Mar-16,32910.94,33116.26,32910.94,32957.75
KSE-100,18-Mar-16,32968.58,33145.62,32942.26,33080.4
KSE-100,21-Mar-16,33081.69,33166.82,33000.12,33022.87
KSE-100,22-Mar-16,33076.79,33191.08,32868.07,32928.3
KSE-100,24-Mar-16,32870.87,32942.02,32778.41,32801.88
KSE-100,25-Mar-16,32807.29,32906.98,32777.11,32876.55
KSE-100,28-Mar-16,32835,32988.18,32735.4,32904.32
KSE-100,29-Mar-16,32919.76,33000.97,32854.32,32879.67
KSE-100,30-Mar-16,32883.35,32998.54,32863.03,32922.4
KSE-100,31-Mar-16,32922.57,33189.03,32910.47,33139
KSE-100,01-Apr-16,33129.75,33468.67,33121.81,33449.62
KSE-100,04-Apr-16,33458.58,33829.42,33371.13,33808.42
KSE-100,05-Apr-16,33821.36,33951.66,33713.84,33766.49
KSE-100,06-Apr-16,33812.58,34033.21,33812.58,33946.37
KSE-100,07-Apr-16,33992.08,34058.28,33870.51,33896.03
KSE-100,08-Apr-16,33893.72,33994.27,33875.62,33967.54
KSE-100,11-Apr-16,34084.78,34154.7,33547.23,33566.22
KSE-100,12-Apr-16,33578.03,33675.59,33415.89,33616.9
KSE-100,13-Apr-16,33676.66,33785.64,33471.92,33646.1
KSE-100,14-Apr-16,33672.92,33814.96,33605.63,33767.59
KSE-100,15-Apr-16,33784.75,33917.55,33736.69,33767.12
KSE-100,18-Apr-16,33700.47,33832.85,33631.65,33759.97
KSE-100,19-Apr-16,33763.08,33887.95,33676.52,33729.62
KSE-100,20-Apr-16,33742.16,33757.48,33599.45,33619.84
KSE-100,21-Apr-16,33722.18,33917.26,33493.54,33572.13
KSE-100,22-Apr-16,33603.71,33848.68,33593.96,33739.54
KSE-100,25-Apr-16,33743.67,33785.82,33498.75,33684.56
KSE-100,26-Apr-16,33720.7,34027.62,33702.78,33847.74
KSE-100,27-Apr-16,33914.03,34307.3,33914.03,34269.28
KSE-100,28-Apr-16,34347.13,34580.97,34347.13,34503.64
KSE-100,29-Apr-16,34591.87,34882.47,34457.85,34719.29
KSE-100,02-May-16,34727.2,34806.66,34488.5,34567.52
KSE-100,03-May-16,34562.22,34925.42,34473.89,34897.3
KSE-100,04-May-16,34916.96,35441.03,34916.96,35317.56
KSE-100,05-May-16,35358.93,35971.66,35358.93,35941.47
KSE-100,06-May-16,36010.76,36203.51,35831.4,35973.68
KSE-100,09-May-16,36089.7,36305.24,36089.7,36234.99
KSE-100,10-May-16,36179.68,36340.47,36037.02,36265.12
KSE-100,11-May-16,36329.93,36412.83,36230.25,36266.23
KSE-100,12-May-16,36352.19,36450.85,36011.96,36048.76
KSE-100,13-May-16,36063.15,36123.36,35957.09,36122.49
KSE-100,16-May-16,36200.85,36242.63,36088.06,36125.37
KSE-100,17-May-16,36203.18,36390.41,36100.02,36137.12
KSE-100,18-May-16,36198.13,36366.2,36180.5,36318.21
KSE-100,19-May-16,36316.89,36809.31,36306.13,36685.05
KSE-100,20-May-16,36684.13,36848.37,36646.97,36693.5
KSE-100,23-May-16,36717.01,36752.62,36432.15,36723.35
KSE-100,24-May-16,36727.32,36794.49,36553.15,36582.35
KSE-100,25-May-16,36667.08,36767.24,36483.21,36499.43
KSE-100,26-May-16,36509.46,36686.12,36461.95,36540.97
KSE-100,27-May-16,36549.96,36776.52,36531.41,36694.26
KSE-100,30-May-16,36687.44,36687.44,36182.11,36234.69
KSE-100,31-May-16,36232.85,36414.39,35947.13,36061.56
KSE-100,01-Jun-16,36036.7,36519.48,36036.7,36496.16
KSE-100,02-Jun-16,36496.35,36886.37,36483.2,36839.14
KSE-100,03-Jun-16,36893.32,37360.88,36893.32,37223
KSE-100,06-Jun-16,37273.68,37481.2,37203.39,37352.27
KSE-100,07-Jun-16,37350.11,37539.14,37331.39,37392.29
KSE-100,08-Jun-16,37543.99,37614.45,37414.13,37426.39
KSE-100,09-Jun-16,37479.2,37538.51,37392.13,37414.26
KSE-100,10-Jun-16,37455.69,37459.92,36828.82,36940.88
KSE-100,13-Jun-16,36883.71,37083.64,36637.71,36979.96
KSE-100,14-Jun-16,37051.06,37594.39,37051.06,37517.75
KSE-100,15-Jun-16,37641.4,38609.01,37641.4,38559.87
KSE-100,16-Jun-16,38570.11,39040.78,38388.31,38751.6
KSE-100,17-Jun-16,38774.78,38965.34,38641.68,38776.94
KSE-100,20-Jun-16,38787.97,38981.56,38469.82,38469.82
KSE-100,21-Jun-16,38492.44,38605.82,38337.93,38415.31
KSE-100,22-Jun-16,38416.14,38620.05,38123.12,38149.26
KSE-100,23-Jun-16,38137.46,38265.44,38014.34,38237.89
KSE-100,24-Jun-16,38218.54,38218.54,36825.18,37389.88
KSE-100,27-Jun-16,37351.4,37508.96,36957.05,37039.57
KSE-100,28-Jun-16,37037.08,37267.3,36863.04,37076.63
KSE-100,29-Jun-16,37240.53,37802.12,37240.53,37786.57
KSE-100,30-Jun-16,37894.86,37994.75,37729.35,37783.54
KSE-100,04-Jul-16,37778.46,38007.51,37689.7,37966.76
KSE-100,11-Jul-16,37969.09,38427.78,37814.6,38367.96
KSE-100,12-Jul-16,38406.87,39069.65,38399.55,39031.62
KSE-100,13-Jul-16,39101.98,39291.65,39017.92,39049.46
KSE-100,14-Jul-16,39057.38,39295.46,38948.04,39257
KSE-100,15-Jul-16,39261.9,39415.25,39146.45,39188.47
KSE-100,18-Jul-16,39188.89,39269.14,38905.61,39253.25
KSE-100,19-Jul-16,39225.34,39322.69,39160.83,39208.88
KSE-100,20-Jul-16,39215.99,39289.32,38945.96,39098.79
KSE-100,21-Jul-16,39120.77,39391.69,39120.77,39306.79
KSE-100,22-Jul-16,39317.74,39420.65,39113.46,39151.78
KSE-100,25-Jul-16,39156.42,39159.57,38996.71,39017.32
KSE-100,26-Jul-16,38996.44,39196.15,38996.44,39147.33
KSE-100,27-Jul-16,39181.57,39592.03,39129.66,39434.97
KSE-100,28-Jul-16,39463.49,39716.21,39325.11,39468.98
KSE-100,29-Jul-16,39426.23,39562.51,39277.21,39528.82
KSE-100,01-Aug-16,39567.45,39917.21,39557.68,39800.64
KSE-100,02-Aug-16,39804.16,39860.57,39674.55,39786.93
KSE-100,03-Aug-16,39800.04,39833.66,39592.04,39615.76
KSE-100,04-Aug-16,39716.61,39824.14,39394.8,39446.7
KSE-100,05-Aug-16,39399.9,39507.8,39330.02,39390.21
KSE-100,08-Aug-16,39386.24,39500.56,39378.21,39476.17
KSE-100,09-Aug-16,39475.71,39735.77,39475.71,39663.71
KSE-100,10-Aug-16,39669.58,39864.04,39669.58,39805.88
KSE-100,11-Aug-16,39815.76,39911.94,39742.78,39861.6
KSE-100,12-Aug-16,39982.2,40083.06,39868.56,39907.64
KSE-100,15-Aug-16,39969.81,40104.15,39969.81,40030.52
KSE-100,16-Aug-16,40115.03,40211.67,40027.24,40050.17
KSE-100,17-Aug-16,40076.41,40205.07,40017.89,40057.52
KSE-100,18-Aug-16,40113.31,40213.89,39741.5,39771.2
KSE-100,19-Aug-16,39802.66,39840.83,39465.12,39499.08
KSE-100,22-Aug-16,39531.84,39543.18,39254.05,39457.95
KSE-100,23-Aug-16,39404.45,39617.75,39361.87,39400.19
KSE-100,24-Aug-16,39418.39,39544.68,39362.25,39506.58
KSE-100,25-Aug-16,39503.24,39867.09,39503.24,39792.1
KSE-100,26-Aug-16,39823.66,39950.24,39799.63,39926.7
KSE-100,29-Aug-16,39970.43,40102.51,39970.43,40023.02
KSE-100,30-Aug-16,40026.17,40084.11,39943.49,39991.79
KSE-100,31-Aug-16,39996.38,40026.5,39771.11,39809.58
KSE-100,01-Sep-16,39800.68,39899.75,39722.78,39738.67
KSE-100,02-Sep-16,39754.84,39755.63,39432.18,39464.65
KSE-100,05-Sep-16,39470.79,39596.02,39248.68,39278.11
KSE-100,06-Sep-16,39305.53,39769.79,39250.16,39688.97
KSE-100,07-Sep-16,39750.84,40111.71,39750.84,40084.87
KSE-100,08-Sep-16,40090.86,40289.87,40052.86,40136.93
KSE-100,09-Sep-16,40144.36,40422.16,40144.36,40340.23
KSE-100,15-Sep-16,40355.11,40355.11,40133.51,40216.35
KSE-100,16-Sep-16,40255.41,40473.89,40255.41,40363.68
KSE-100,19-Sep-16,40353.31,40543.04,40353.31,40414.72
KSE-100,20-Sep-16,40419.6,40508.95,40129.6,40340.46
KSE-100,21-Sep-16,40326.45,40357.62,39646.77,39771.42
KSE-100,22-Sep-16,39848.45,40319.04,39848.45,40135.31
KSE-100,23-Sep-16,40144.46,40183.17,39739.17,39781.95
KSE-100,26-Sep-16,39780.57,40276.25,39780.57,40220.76
KSE-100,27-Sep-16,40232.76,40406.91,40156.59,40294.38
KSE-100,28-Sep-16,40315.59,40467.91,40207.26,40355.02
KSE-100,29-Sep-16,40387.24,40861.8,40143.92,40295.52
KSE-100,30-Sep-16,40307.39,40581.35,40245.47,40541.81
KSE-100,03-Oct-16,40583.9,41134,40583.9,40986.31
KSE-100,04-Oct-16,41018.65,41197.34,41017.91,41123.97
KSE-100,05-Oct-16,41129.7,41429.49,41129.7,41253.46
KSE-100,06-Oct-16,41258.02,41447.1,41231.81,41252.17
KSE-100,07-Oct-16,41262.75,41373.42,41123.54,41200.48
KSE-100,10-Oct-16,41210.22,41431.77,41199.85,41403.97
KSE-100,13-Oct-16,41446.52,41631.55,41340.27,41412.04
KSE-100,14-Oct-16,41430.05,41512.44,41170.43,41464.31
KSE-100,17-Oct-16,41478.55,41604.73,41256.36,41282.72
KSE-100,18-Oct-16,41280.03,41280.12,40759.52,40954.22
KSE-100,19-Oct-16,40965.02,41065,40668.82,40924.14
KSE-100,20-Oct-16,40973.8,41688.57,40973.8,41545.95
KSE-100,21-Oct-16,41540.12,41603.06,41257.67,41291.43
KSE-100,24-Oct-16,40942,41046.05,40793.56,40852.03
KSE-100,25-Oct-16,40749.25,40814.51,40175.27,40764.76
KSE-100,26-Oct-16,40791.54,40922.39,40427.13,40526.81
KSE-100,27-Oct-16,40551.68,40584.76,39925.32,39987.31
KSE-100,28-Oct-16,39942.69,40061.24,39536.92,39872.88
KSE-100,31-Oct-16,39878.25,40173.83,39789.7,39893.84
KSE-100,01-Nov-16,39900.63,41342.02,39855.42,41299.87
KSE-100,02-Nov-16,41307.94,41962.62,41307.94,41742.75
KSE-100,03-Nov-16,41772.1,42108.06,41702.1,41974.46
KSE-100,04-Nov-16,41976.5,42121.47,41798.78,41841.56
KSE-100,07-Nov-16,41825.54,42207.27,41803.4,42133.54
KSE-100,08-Nov-16,42135.84,42413.46,42009.91,42113.91
KSE-100,09-Nov-16,42040.47,42232.06,41352.52,42203.63
KSE-100,10-Nov-16,42208.93,42772.21,42208.93,42703.99
KSE-100,11-Nov-16,42715.81,42953.96,42497.73,42849.12
KSE-100,14-Nov-16,42897.96,43084.67,42396.42,42525.93
KSE-100,15-Nov-16,42530.27,42641.53,42249.22,42292.67
KSE-100,16-Nov-16,42306.23,42481.07,42212.42,42404.47
KSE-100,17-Nov-16,42441.91,42526.93,42326.95,42411.8
KSE-100,18-Nov-16,42433.3,42506.14,42253.27,42324.94
KSE-100,21-Nov-16,42326.71,42547.66,42326.71,42439.04
KSE-100,22-Nov-16,42455.27,42748.4,42455.27,42631.58
KSE-100,23-Nov-16,42653.86,42923.42,42582.41,42901.02
KSE-100,24-Nov-16,42909.13,43206.37,42893.62,42949.73
KSE-100,25-Nov-16,42968.48,43067.2,42907.07,42999.66
KSE-100,28-Nov-16,43008.26,43184.92,43008.26,43060.71
KSE-100,29-Nov-16,43058.84,43297.41,42772.56,42811.27
KSE-100,30-Nov-16,42800.04,42867.61,42582.49,42622.37
KSE-100,01-Dec-16,42659.24,43280.43,42659.24,42907.36
KSE-100,02-Dec-16,42988.09,43310.07,42915.18,43270.9
KSE-100,05-Dec-16,43353.86,43797.69,43347.65,43739.97
KSE-100,06-Dec-16,43807.15,44236.89,43807.15,44199.4
KSE-100,07-Dec-16,44223.89,44545.19,44105.11,44494.99
KSE-100,08-Dec-16,44512.24,44837.41,44447.89,44741.98
KSE-100,09-Dec-16,44841.87,45490.07,44841.87,45387.23
KSE-100,13-Dec-16,45474,46126.21,45474,45857.89
KSE-100,14-Dec-16,45883.54,46271.1,45601.84,46185.27
KSE-100,15-Dec-16,46172.78,46635.64,46141.79,46358.35
KSE-100,16-Dec-16,46419.06,46663.22,46229.82,46584.53
KSE-100,19-Dec-16,46591.47,47070.56,46591.47,46938.59
KSE-100,20-Dec-16,46953.44,47380.88,46806.3,47210.06
KSE-100,21-Dec-16,47211.45,47325.91,46343.76,46993.31
KSE-100,22-Dec-16,47024.77,47202.75,46664.21,46699.78
KSE-100,23-Dec-16,46679.24,46826.71,46443.22,46633.99
KSE-100,26-Dec-16,46615.04,46898.66,46615.04,46689.73
KSE-100,27-Dec-16,46687.53,46986.36,46685.76,46920.47
KSE-100,28-Dec-16,46944.12,47563.46,46944.12,47424.63
KSE-100,29-Dec-16,47496.78,47713.34,47494.01,47666.66
KSE-100,30-Dec-16,47678.2,47938.65,47634.81,47806.97
KSE-100,02-Jan-17,47791.24,48357.57,47791.24,48240.28
KSE-100,03-Jan-17,48235.46,48924.57,47906.38,48827.55
KSE-100,04-Jan-17,48854.84,49069.69,48635.87,48704.99
KSE-100,05-Jan-17,48714.1,48934,48642.09,48713.63
KSE-100,06-Jan-17,48748.22,49105.24,48748.22,49038.23
KSE-100,09-Jan-17,49026.19,49441.22,48998.17,49039.41
KSE-100,10-Jan-17,49044.62,49044.62,48683.06,48865.79
KSE-100,11-Jan-17,48837.24,49389.89,48837.24,49371.6
KSE-100,12-Jan-17,49387.28,49805.69,49387.28,49517.02
KSE-100,13-Jan-17,49519.67,49673.17,49151.47,49210.5
KSE-100,16-Jan-17,49230.73,49395.11,48821.75,48888.54
KSE-100,17-Jan-17,48961.63,49003.94,48108.79,48678.65
KSE-100,18-Jan-17,48716.79,48971.01,48501.42,48642.21
KSE-100,19-Jan-17,48671.06,49069.81,48671.06,49013.82
KSE-100,20-Jan-17,49019.51,49466.53,49019.51,49364.83
KSE-100,23-Jan-17,49367.31,49938.48,49367.31,49876.18
KSE-100,24-Jan-17,49895.74,50056.72,49621.84,49968.92
KSE-100,25-Jan-17,49978.94,50267.24,49721.46,49756.77
KSE-100,26-Jan-17,49756.81,50286.02,49668.64,50192.36
KSE-100,27-Jan-17,50202.7,50887.61,49899.6,49963.77
KSE-100,30-Jan-17,50105.19,50342,48823.7,48972.24
KSE-100,31-Jan-17,48967.34,49142.77,48349.36,48757.67
KSE-100,01-Feb-17,48781.27,49516.1,48781.27,49455.86
KSE-100,02-Feb-17,49460.15,49937.88,49424.15,49665.97
KSE-100,03-Feb-17,49648.48,49780.53,49429.42,49555.83
KSE-100,06-Feb-17,49609.56,49740.02,49532.91,49630.04
KSE-100,07-Feb-17,49677.93,49920.96,49677.93,49859.39
KSE-100,08-Feb-17,49885.25,50037.11,49742.74,49874.96
KSE-100,09-Feb-17,49882.65,50196.83,49784.33,49908.15
KSE-100,10-Feb-17,49897.22,50093.38,49845.47,49925.08
KSE-100,13-Feb-17,49931.09,50322.55,49834.69,49965.63
KSE-100,14-Feb-17,49955.43,50036.65,49527.65,49767.91
KSE-100,15-Feb-17,49774.48,49922.34,49097.02,49214.15
KSE-100,16-Feb-17,49344.9,49693.84,49163.91,49588.3
KSE-100,17-Feb-17,49612.89,49894.35,49320.26,49375.71
KSE-100,20-Feb-17,49425.48,49598.15,48850.9,48929.12
KSE-100,21-Feb-17,48925.9,49103.59,48654.94,49015.09
KSE-100,22-Feb-17,49020.16,49331.54,48710.29,48981.65
KSE-100,23-Feb-17,48984.76,49163.48,48474.8,49062.26
KSE-100,24-Feb-17,49059.01,49273.94,48939.52,49007.99
KSE-100,27-Feb-17,49000.29,49081.28,48489.74,48520.75
KSE-100,28-Feb-17,48541.91,48637.96,48146.68,48534.23
KSE-100,01-Mar-17,48627.9,49050.51,48627.9,48992.16
KSE-100,02-Mar-17,49014.29,49734.82,49014.29,49696.08
KSE-100,03-Mar-17,49718.55,49894.52,49563.12,49623.81
KSE-100,06-Mar-17,49637.85,49841.1,49342.95,49434.89
KSE-100,07-Mar-17,49438.28,49525.76,49216.18,49452.71
KSE-100,08-Mar-17,49466.16,49778.21,49420.72,49754.72
KSE-100,09-Mar-17,49752.1,49857.84,49219.55,49392.44
KSE-100,10-Mar-17,49360.99,49456.39,49048.95,49191.75
KSE-100,13-Mar-17,49184.82,49255.63,48561.7,48655.72
KSE-100,14-Mar-17,48649.84,48662.51,48061.27,48539.06
KSE-100,15-Mar-17,48600.14,48768.77,48209.89,48305.83
KSE-100,16-Mar-17,48330.05,48341.17,47774.44,48289.66
KSE-100,17-Mar-17,48339.32,48727.44,48332.92,48409.35
KSE-100,20-Mar-17,48441.14,48757.38,48434.24,48697.65
KSE-100,21-Mar-17,48723.69,49060.05,48676.33,49020.21
KSE-100,22-Mar-17,49042.56,49147.32,48960.6,49016.79
KSE-100,24-Mar-17,49080.19,49138.4,48928.11,48971.05
KSE-100,27-Mar-17,49048.05,49053.29,48633.26,48680.16
KSE-100,28-Mar-17,48637.9,48685.95,48490.39,48523.41
KSE-100,29-Mar-17,48594.29,48909.1,48336.78,48375.63
KSE-100,30-Mar-17,48448.71,48504.4,47820.31,47949.33
KSE-100,31-Mar-17,47982.55,48211.1,47678.83,48155.93
KSE-100,03-Apr-17,48169.27,48384.56,48120.93,48227.75
KSE-100,04-Apr-17,48233.2,48366.04,48050.48,48088.37
KSE-100,05-Apr-17,48120.79,48166.77,47517.6,47577.31
KSE-100,06-Apr-17,47552.29,47634.87,47254.65,47356.6
KSE-100,07-Apr-17,47410.28,47962.22,47410.28,47889.37
KSE-100,10-Apr-17,47901.62,48095.55,47731.84,47942.95
KSE-100,11-Apr-17,47915.25,48257.03,47869.07,48250.07
KSE-100,12-Apr-17,48260.36,48518.58,48260.36,48457.26
KSE-100,13-Apr-17,48515.85,48553.16,47908.34,47950.58
KSE-100,14-Apr-17,47911.71,47955.6,47543.09,47577.06
KSE-100,17-Apr-17,47593.38,47675.66,46743.55,47125.12
KSE-100,18-Apr-17,47115.82,47184.36,46809.19,46874.37
KSE-100,19-Apr-17,46738.48,47717.65,46048.07,47603.48
KSE-100,20-Apr-17,47610.11,49509.3,47356.54,48743.56
KSE-100,21-Apr-17,48807.83,49743.43,48807.83,49708.65
KSE-100,24-Apr-17,49733.02,50206,49588.01,50111.67
KSE-100,25-Apr-17,50225.03,50305.17,49531.03,49785.17
KSE-100,26-Apr-17,49802.92,49954.81,49645.12,49827.51
KSE-100,27-Apr-17,49833.27,49909.33,49445.69,49481.7
KSE-100,28-Apr-17,49505.01,49575.32,49237.48,49300.9
KSE-100,02-May-17,49302.23,49304.29,48665.03,48689.42
KSE-100,03-May-17,48723.98,48930.62,48490.43,48605.14
KSE-100,04-May-17,48632.55,49391.25,48632.55,49283.64
KSE-100,05-May-17,49233.9,50098.59,49230.21,49851.13
KSE-100,08-May-17,49941.51,50978.63,49937.77,50935.91
KSE-100,09-May-17,51284.42,51488.56,51005.19,51073.14
KSE-100,10-May-17,51113.18,51231.65,50855.97,51103.53
KSE-100,11-May-17,51287.11,51508.68,51274.89,51426.01
KSE-100,12-May-17,51453.23,51794.72,51399.23,51750.91
KSE-100,15-May-17,51752.97,52601.94,51752.97,52387.87
KSE-100,16-May-17,52512.79,52846.7,51750.84,51813.19
KSE-100,17-May-17,51842.36,51948.27,51443.17,51511.41
KSE-100,18-May-17,51569.93,51570.29,50871.76,50956.6
KSE-100,19-May-17,51016.99,51202.85,50662.54,50742.03
KSE-100,22-May-17,50817.67,51448.71,50817.67,51373.51
KSE-100,23-May-17,51507.17,52244.24,51503.16,52146.97
KSE-100,24-May-17,52383.96,53103.21,52383.96,52876.46
KSE-100,25-May-17,53042.15,53127.24,52731.68,52869.01
KSE-100,26-May-17,52854.35,52874.63,52455.22,52636.87
KSE-100,29-May-17,52366.39,52567.58,52036.34,52138.9
KSE-100,30-May-17,52170.33,52476.18,51278.93,51453.16
KSE-100,31-May-17,51472.75,51492.44,50213.66,50591.57
KSE-100,01-Jun-17,50484.37,50645.33,48359.9,48780.81
KSE-100,02-Jun-17,48543.62,48918.6,47491.65,48555.3
KSE-100,05-Jun-17,48705.85,50163.07,48705.85,50120.92
KSE-100,06-Jun-17,50297.8,50313.4,49919.4,50144.63
KSE-100,07-Jun-17,50236.85,50350.47,49968.74,50162.81
KSE-100,08-Jun-17,50082.65,50291.78,49875.56,49958.33
KSE-100,09-Jun-17,49950.34,49961.02,49478.43,49526.92
KSE-100,12-Jun-17,49433.9,49433.9,47538.17,47671.8
KSE-100,13-Jun-17,47593.37,48513.23,47099.99,48071.04
KSE-100,14-Jun-17,48252.15,48602.7,47484.85,47608.64
KSE-100,15-Jun-17,47482.08,48091.82,47367.59,47442.73
KSE-100,16-Jun-17,47461.36,47527.41,46733.56,46858.56
KSE-100,19-Jun-17,46914.07,47083.37,46312.95,46593.34
KSE-100,20-Jun-17,46666.51,46777.33,44823.56,44914.44
KSE-100,21-Jun-17,44699.09,45765.35,43826.67,45474.46
KSE-100,22-Jun-17,45611.28,46464.96,45540.66,46332.31
KSE-100,29-Jun-17,46398.74,47090.28,46115.6,46711.85
KSE-100,30-Jun-17,46747.19,46833.19,46506.12,46565.29
KSE-100,03-Jul-17,46523.33,46523.33,44639.82,44665.41
KSE-100,04-Jul-17,44610.69,45686.49,44328.2,45394.06
KSE-100,05-Jul-17,45408.68,46359.91,45149.49,45413.42
KSE-100,06-Jul-17,45385.9,45579.95,44559.04,44823.11
KSE-100,07-Jul-17,44819.65,45301.38,44549.45,45222.15
KSE-100,10-Jul-17,45133.46,46332.35,44710.24,46273.81
KSE-100,11-Jul-17,45278.17,45278.17,44117.17,44120.58
KSE-100,12-Jul-17,43746.75,44214.87,43027.15,43792.19
KSE-100,13-Jul-17,43777.62,44122.18,43059.89,43783.55
KSE-100,14-Jul-17,43806.39,44466.28,43694.62,44337.44
KSE-100,17-Jul-17,44274.93,44630.07,43975.12,44523.21
KSE-100,18-Jul-17,44517.52,45669.06,44517.06,45636.36
KSE-100,19-Jul-17,45651.26,45808.8,45297.15,45418.71
KSE-100,20-Jul-17,45481.22,46093.68,44967.81,45059.93
KSE-100,21-Jul-17,44975.2,45389.18,44548.36,45294.39
KSE-100,24-Jul-17,45366.3,45566.74,45270.89,45529.21
KSE-100,25-Jul-17,45570.34,45940.05,45499.23,45917.9
KSE-100,26-Jul-17,46031.54,46106.72,45857.92,45908.39
KSE-100,27-Jul-17,45934.13,46025.88,45758.07,45905.76
KSE-100,28-Jul-17,44989.88,46060.55,44235.94,45912.03
KSE-100,31-Jul-17,46334.55,47111.54,45911.74,46010.45
KSE-100,01-Aug-17,46071.7,46623.91,46064.75,46533.43
KSE-100,02-Aug-17,46690.3,46990.41,46690.3,46949.04
KSE-100,03-Aug-17,47017.76,47167.63,46857.45,47084.34
KSE-100,04-Aug-17,47121.41,47242.35,46833.07,46877.37
KSE-100,07-Aug-17,46892.24,46929.2,46336.66,46465.66
KSE-100,08-Aug-17,46535.78,46535.78,45905.02,45979.7
KSE-100,09-Aug-17,46010.39,46101.66,45591.38,45998.81
KSE-100,10-Aug-17,46024.13,46213.14,45572.11,45634.02
KSE-100,11-Aug-17,45625.14,45625.14,45261.25,45288.49
KSE-100,15-Aug-17,45331.16,45419.52,43814.82,43899.45
KSE-100,16-Aug-17,43912.92,44332.51,43779.85,44186.96
KSE-100,17-Aug-17,44216.97,44257.77,43044.12,43136.06
KSE-100,18-Aug-17,43133.88,43187.09,42347.19,43078.38
KSE-100,21-Aug-17,43110.92,43135.01,42016.87,42153.38
KSE-100,22-Aug-17,42073.08,42291.15,41062.73,41983.16
KSE-100,23-Aug-17,42000.35,42949.9,41927.22,42910.79
KSE-100,24-Aug-17,42966.24,43173.79,42136.17,42268.62
KSE-100,25-Aug-17,42211.84,42784.72,41835.74,42641.75
KSE-100,28-Aug-17,42468.78,42599.26,41820.02,41974.22
KSE-100,29-Aug-17,41782.33,41803.39,41046.17,41233.08
KSE-100,30-Aug-17,41046.29,41559.36,41046.29,41323.65
KSE-100,31-Aug-17,41199.85,41363.62,40841.67,41206.99
KSE-100,05-Sep-17,41109.65,41833.7,41070.99,41779.2
KSE-100,06-Sep-17,41846.18,42054.07,41324.61,41389.99
KSE-100,07-Sep-17,41346.46,41479.36,40686.09,40958.65
KSE-100,08-Sep-17,41227.88,41635.74,41169.21,41401.02
KSE-100,11-Sep-17,41534.69,41553.45,41062,41126.83
KSE-100,12-Sep-17,41265.57,41411.73,41024.54,41279.3
KSE-100,13-Sep-17,41407.04,42346.23,41398.84,42310.12
KSE-100,14-Sep-17,42392.65,42737.73,42167.66,42683.57
KSE-100,15-Sep-17,42700.14,43016.29,42538.05,42787.19
KSE-100,18-Sep-17,42833.86,42924.93,42489.69,42841.41
KSE-100,19-Sep-17,42889.52,43297.41,42889.52,43253.26
KSE-100,20-Sep-17,43309.42,43435.92,43144.89,43347.03
KSE-100,21-Sep-17,43338.68,43386.73,42701.88,42775.04
KSE-100,22-Sep-17,42771.66,42921.13,42571.3,42750.19
KSE-100,25-Sep-17,42815.23,43089.37,42627.49,42743.65
KSE-100,26-Sep-17,42844.8,42957.71,42599.64,42666.23
KSE-100,27-Sep-17,42563.19,42618.71,42101.55,42290.15
KSE-100,28-Sep-17,42291.44,42456.87,42192.55,42362.87
KSE-100,29-Sep-17,42391,42544.11,42286.6,42409.27
KSE-100,02-Oct-17,42431.54,42438.48,41944.31,42018.9
KSE-100,03-Oct-17,42043.21,42043.21,41025.28,41115.78
KSE-100,04-Oct-17,41092.66,41180.88,39869.88,40461
KSE-100,05-Oct-17,40545.27,40819.91,40036.23,40468.49
KSE-100,06-Oct-17,40494.58,41349.72,40494.58,41312.59
KSE-100,09-Oct-17,41334.5,41339.38,41004.32,41099.99
KSE-100,10-Oct-17,41109.73,41112.27,40287.26,40610.72
KSE-100,11-Oct-17,40639.75,40777.42,40315.02,40503.68
KSE-100,12-Oct-17,40558.74,40792.06,39834.1,40237.53
KSE-100,13-Oct-17,40236.92,40236.92,39478.05,39846.78
KSE-100,16-Oct-17,39978.4,40813.53,39978.4,40791.39
KSE-100,17-Oct-17,40892.36,41354.68,40691.71,40724.96
KSE-100,18-Oct-17,40760.07,40872.48,40224.2,40733.45
KSE-100,19-Oct-17,40826.57,41614.28,40823.41,41558.07
KSE-100,20-Oct-17,41687.59,42161.13,41471.24,42087.89
KSE-100,23-Oct-17,42148.54,42161.8,41414.12,41483.54
KSE-100,24-Oct-17,41446.6,41458.53,40913.93,41291.68
KSE-100,25-Oct-17,41305.3,41626.86,41294.66,41595.32
KSE-100,26-Oct-17,41637.09,41746.13,41355.45,41409.49
KSE-100,27-Oct-17,41412.68,41434.45,40903.7,41105.4
KSE-100,30-Oct-17,41168.19,41173.39,40258.58,40324.32
KSE-100,31-Oct-17,40302.72,40309.07,39556.56,39617.19
KSE-100,01-Nov-17,39662.8,40558.97,39656.82,40453.64
KSE-100,02-Nov-17,40508.89,40842.25,40350.29,40498.87
KSE-100,03-Nov-17,40506.92,41127.44,40449.97,41064
KSE-100,06-Nov-17,41160.67,41232.66,40928.27,41030.77
KSE-100,07-Nov-17,41120.12,41262.45,41003.05,41049.22
KSE-100,08-Nov-17,41037.59,41293.99,40967.72,41259.16
KSE-100,09-Nov-17,41403.17,41851.33,41390.34,41790.16
KSE-100,10-Nov-17,41836.35,41836.35,41390.38,41435.7
KSE-100,13-Nov-17,41413.79,41413.79,41141.52,41239.89
KSE-100,14-Nov-17,41202.55,41317.43,40899.5,40943.78
KSE-100,15-Nov-17,40814.42,40905.31,40585.54,40662.79
KSE-100,16-Nov-17,40705.44,40886.03,40687.74,40813.31
KSE-100,17-Nov-17,40832.14,40910.76,40637.15,40844.4
KSE-100,20-Nov-17,40843.94,40925.05,40258.33,40316.93
KSE-100,21-Nov-17,40353.11,40603.55,40269.32,40548.83
KSE-100,22-Nov-17,40643.09,40741.91,40465.52,40591.87
KSE-100,23-Nov-17,40626,40712.67,40136.06,40266.21
KSE-100,24-Nov-17,40276.63,40368.35,40082.7,40248.41
KSE-100,27-Nov-17,40152.72,40152.72,39931.74,40032.17
KSE-100,28-Nov-17,40060.49,40125.75,39564.27,39634.13
KSE-100,29-Nov-17,39647.23,39760.5,39462.71,39672.89
KSE-100,30-Nov-17,39706.17,40091.48,39706.17,40010.36
KSE-100,04-Dec-17,40048.76,40131.37,39931.52,40049.8
KSE-100,05-Dec-17,40072.17,40085.55,39892.04,39945.41
KSE-100,06-Dec-17,39960.06,40062.62,39825.23,39907.32
KSE-100,07-Dec-17,39880.82,39880.82,38769.09,38784.66
KSE-100,08-Dec-17,38645.26,39339.65,38431.78,39080
KSE-100,11-Dec-17,39059.48,39437.89,38374.39,38481.7
KSE-100,12-Dec-17,38504.71,38620.66,37736.46,38525.11
KSE-100,13-Dec-17,38588.04,38884.89,38527.62,38819.65
KSE-100,14-Dec-17,38825.74,38825.74,38126.85,38223.55
KSE-100,15-Dec-17,38214.21,38924.25,38192.58,38645.9
KSE-100,18-Dec-17,38660.09,38703.15,38337.37,38383.97
KSE-100,19-Dec-17,38418.88,38443.12,37767.45,37919.42
KSE-100,20-Dec-17,37963.09,38323.91,37841.86,38208.06
KSE-100,21-Dec-17,38216.76,38793.99,38014.84,38715.77
KSE-100,22-Dec-17,38770.46,39525.21,38710.01,39470.89
KSE-100,26-Dec-17,39524.24,39719.13,39292.98,39525.75
KSE-100,27-Dec-17,39614.37,40162.4,39614.37,40146.73
KSE-100,28-Dec-17,40235.08,40463.66,40031.19,40371.31
KSE-100,29-Dec-17,40400.82,40644.74,40271.18,40471.48
KSE-100,01-Jan-18,40470.44,40815.96,40169.14,40711.04
KSE-100,02-Jan-18,40676.19,41566.76,40532.97,41486.87
KSE-100,03-Jan-18,41539.93,41820.31,41289.17,41544.27
KSE-100,04-Jan-18,41600.4,41995.66,41600.4,41908.71
KSE-100,05-Jan-18,41876.62,42584.96,41821.5,42523.99
KSE-100,08-Jan-18,42634.49,43261.83,42634.49,43112.12
KSE-100,09-Jan-18,43188.71,43252.5,42563.86,42814.34
KSE-100,10-Jan-18,42888.33,43659.45,42884.84,43630.74
KSE-100,11-Jan-18,43693.6,43824.29,43140.94,43395.28
KSE-100,12-Jan-18,43426.86,43436.39,42753.19,42933.72
KSE-100,15-Jan-18,42891.16,42897.77,42270.1,42347.49
KSE-100,16-Jan-18,42358.99,43145.8,42324.2,42939.68
KSE-100,17-Jan-18,42936.43,43386.27,42874.39,43358.97
KSE-100,18-Jan-18,43626.06,44004.21,43192.38,43580.88
KSE-100,19-Jan-18,43647.33,44203.13,43613,44178.83
KSE-100,22-Jan-18,44225.24,44951.21,44121.97,44897.69
KSE-100,23-Jan-18,44934.35,44970.78,44465.31,44907.2
KSE-100,24-Jan-18,45037.35,45496.84,44780.86,45063.21
KSE-100,25-Jan-18,45091.24,45182.57,44728.76,44816.71
KSE-100,26-Jan-18,44825.78,44826.33,44190.58,44551.13
KSE-100,29-Jan-18,44724.44,44858.19,44337.33,44457.3
KSE-100,30-Jan-18,44492.11,44615.1,44081.23,44233.11
KSE-100,31-Jan-18,44252.94,44533.76,43993.17,44049.05
KSE-100,01-Feb-18,44083.88,44436.39,44083.88,44255.48
KSE-100,02-Feb-18,44341.88,44638.44,44250.6,44301.2
KSE-100,06-Feb-18,43965.88,43965.88,43494.68,43885.51
KSE-100,07-Feb-18,44039.51,44299.87,44029.48,44096.49
KSE-100,08-Feb-18,44079.12,44151.58,43625.13,43679.87
KSE-100,09-Feb-18,43533.11,43826.6,43286.06,43808.8
KSE-100,12-Feb-18,43795.2,43901.41,43461.25,43515.08
KSE-100,13-Feb-18,43582.09,43878.43,43549.4,43690.36
KSE-100,14-Feb-18,43675.68,43781.88,43215.14,43353.04
KSE-100,15-Feb-18,43377.08,43451.31,42858.91,42942.35
KSE-100,16-Feb-18,42916.87,43691.28,42916.87,43627.1
KSE-100,19-Feb-18,43703.89,43950.2,43512.09,43572.67
KSE-100,20-Feb-18,43587.98,43590.41,42864.82,43294.95
KSE-100,21-Feb-18,43509.98,43624.07,42834.21,42919.78
KSE-100,22-Feb-18,42701.29,43627.86,42366.93,43528.51
KSE-100,23-Feb-18,43746.75,43797.11,43014.03,43267.2
KSE-100,26-Feb-18,43328.21,43490.69,42803.12,42911.02
KSE-100,27-Feb-18,42900.85,43116.82,42606.88,42994.96
KSE-100,28-Feb-18,43022,43323.18,43016.54,43239.44
KSE-100,01-Mar-18,43259.45,43634.1,43176.04,43510.39
KSE-100,02-Mar-18,43577.02,43759.13,43412.47,43740.49
KSE-100,05-Mar-18,43797.53,43875,43654.69,43829.07
KSE-100,06-Mar-18,43852.32,44044.14,43660.46,43705.1
KSE-100,07-Mar-18,43712.63,43724.56,43415.1,43441.18
KSE-100,08-Mar-18,43416.46,43476.65,42939.03,43072.74
KSE-100,09-Mar-18,43089.18,43189.6,42860.98,43011.26
KSE-100,12-Mar-18,43020.08,43479.5,43011.86,43410.93
KSE-100,13-Mar-18,43431.31,43707.13,43354.13,43618.07
KSE-100,14-Mar-18,43601.78,43612.69,43346.39,43407.72
KSE-100,15-Mar-18,43409.07,43509.56,43366.67,43495.07
KSE-100,16-Mar-18,43513.82,43525.59,43311.44,43363.21
KSE-100,19-Mar-18,43362.88,43620.81,43311.85,43539.6
KSE-100,20-Mar-18,43554.92,44404.86,43554.92,44309.74
KSE-100,21-Mar-18,44450.27,44840.69,44445.54,44645.95
KSE-100,22-Mar-18,44705.94,45032.41,44659.33,45030.22
KSE-100,26-Mar-18,45019.02,45118.16,44784.81,45083.57
KSE-100,27-Mar-18,45100.61,45307.51,44936.12,45004.19
KSE-100,28-Mar-18,45032.93,45234.78,44899.51,45172.99
KSE-100,29-Mar-18,45157.83,45506.51,45155.51,45489.62
KSE-100,30-Mar-18,45483.29,45604.59,45391.71,45560.3
KSE-100,02-Apr-18,45624.13,45771.4,45412.86,45741.43
KSE-100,03-Apr-18,45744.57,46059.3,45692.02,46013.34
KSE-100,04-Apr-18,46058.24,46448.3,46039.02,46103.61
KSE-100,05-Apr-18,46142.72,46657.33,46085.1,46560.82
KSE-100,06-Apr-18,46783.54,47148.33,46542.82,46637.62
KSE-100,09-Apr-18,46652.16,46828.2,46530.06,46580.62
KSE-100,10-Apr-18,46599.81,46680.99,46402.05,46476.73
KSE-100,11-Apr-18,46557.41,46759.99,46472.15,46486.49
KSE-100,12-Apr-18,46576.74,46584.89,46219.85,46331.71
KSE-100,13-Apr-18,46310.41,46350.27,46035.31,46071.86
KSE-100,16-Apr-18,46095.83,46095.83,45610.22,45682.24
KSE-100,17-Apr-18,45690.11,45882.7,45483.87,45801.73
KSE-100,18-Apr-18,45835.14,46003.96,45423.01,45478.63
KSE-100,19-Apr-18,45460.8,45493.03,45122.84,45387.77
KSE-100,20-Apr-18,45400.36,45525.73,45153.92,45259.34
KSE-100,23-Apr-18,45235.4,45452.98,45190.15,45371.95
KSE-100,24-Apr-18,45426.1,45911.61,45409.5,45876.7
KSE-100,25-Apr-18,45885.72,45943.99,45680.96,45718.34
KSE-100,26-Apr-18,45769.04,45782.34,45427.19,45460.87
KSE-100,27-Apr-18,45467.37,45671.76,45458.25,45542.78
KSE-100,30-Apr-18,45752.81,45843.65,45424.87,45488.86
KSE-100,02-May-18,45471.74,45484.39,45160.64,45196.37
KSE-100,03-May-18,45214.42,45259.77,44556.18,44746.63
KSE-100,04-May-18,44750.79,44785.92,44467.44,44536.91
KSE-100,07-May-18,44546.19,44763.37,44321.88,44378.52
KSE-100,08-May-18,44364.02,44440.1,43925.64,44066.96
KSE-100,09-May-18,44163.86,44249.13,43385.69,43795
KSE-100,10-May-18,43877.06,44139.12,43735.44,43855.78
KSE-100,11-May-18,43869.07,44027.83,43550.68,43594.79
KSE-100,14-May-18,43543.08,43543.08,42431.44,42498.86
KSE-100,15-May-18,42478.99,42608.08,41843.98,42459.53
KSE-100,16-May-18,42467.22,42579.81,42198.84,42301.2
KSE-100,17-May-18,42257.51,42276.95,41833.6,41869.65
KSE-100,18-May-18,41848.15,41976.04,41453.47,41623.52
KSE-100,21-May-18,41721.39,41912.68,41587.96,41648.65
KSE-100,22-May-18,41657.6,42770.41,41657.6,42744.82
KSE-100,23-May-18,42794.31,43060.68,42676.51,42772.25
KSE-100,24-May-18,42776.83,42838.15,42446.82,42536.16
KSE-100,25-May-18,42549.15,42570.77,41998.8,42074.09
KSE-100,28-May-18,42051.93,42543.27,41872.31,42138.57
KSE-100,29-May-18,42146.76,42667.69,42112.75,42622.74
KSE-100,30-May-18,42667.17,42774.88,42337.51,42546.48
KSE-100,31-May-18,42574.6,42919.72,42496.37,42846.64
KSE-100,01-Jun-18,42780.91,42970.13,42749.42,42912.81
KSE-100,04-Jun-18,42903.41,43293.91,42832.94,43268.29
KSE-100,05-Jun-18,43295.58,43747.18,43196.38,43702.58
KSE-100,06-Jun-18,43767.67,44170.72,43679.68,44144.2
KSE-100,07-Jun-18,44178.85,44333.17,43892.86,43948.11
KSE-100,11-Jun-18,44046,44245.28,43838.17,43931.16
KSE-100,12-Jun-18,43893.15,43968.33,43142.12,43228.9
KSE-100,13-Jun-18,43217.2,43589.72,43217.2,43507.5
KSE-100,14-Jun-18,43535.38,43731.13,43458.14,43680.68
KSE-100,19-Jun-18,43699.37,43825.11,43511.63,43682.84
KSE-100,20-Jun-18,43683.32,43746.21,42954.89,43002.83
KSE-100,21-Jun-18,42881.74,42881.74,42296.07,42358.61
KSE-100,22-Jun-18,42336.83,42499.86,41557.36,41637.38
KSE-100,25-Jun-18,41642.41,41843.09,40898.47,40978.23
KSE-100,26-Jun-18,41006.75,41526.57,40994.15,41246.09
KSE-100,27-Jun-18,41281.45,41817.21,41281.45,41717.99
KSE-100,28-Jun-18,41710.35,42077.66,41539.29,41997.85
KSE-100,29-Jun-18,41998.66,42081.88,41750.01,41910.9
KSE-100,02-Jul-18,41948.67,42136.52,41609.7,41734.05
KSE-100,03-Jul-18,41738.36,41749.14,41513.02,41564.42
KSE-100,04-Jul-18,41548.23,41548.23,40274.72,40345.68
KSE-100,05-Jul-18,40350.51,40755.22,40106.01,40238.81
KSE-100,06-Jul-18,40223.75,40435.97,40027.46,40284.14
KSE-100,09-Jul-18,40349.25,40372.9,39067.15,39288.48
KSE-100,10-Jul-18,39261.36,39569.79,38561.31,39452.81
KSE-100,11-Jul-18,39467.64,40061.59,39201.32,39586.76
KSE-100,12-Jul-18,39570.24,39916.44,39236.73,39875.12
KSE-100,13-Jul-18,39856.68,40391.42,39851.61,40271
KSE-100,16-Jul-18,40394.3,40464.86,39396.37,39665.77
KSE-100,17-Jul-18,39658.99,40012.61,39330.88,39932.98
KSE-100,18-Jul-18,40017.55,40980.46,40005.97,40897.9
KSE-100,19-Jul-18,41298.73,41898.75,41298.73,41795.59
KSE-100,20-Jul-18,41810.96,41812.17,41157.45,41221.75
KSE-100,23-Jul-18,41217.85,41219.17,40417.77,40463.98
KSE-100,24-Jul-18,40494.45,41467.85,40485.66,41339.22
KSE-100,26-Jul-18,42106.57,42136.32,41698.35,42089.16
KSE-100,27-Jul-18,42089.56,42845.49,42009.41,42786.45
KSE-100,30-Jul-18,43045.59,43605.04,43045.59,43556.63
KSE-100,31-Jul-18,43638.76,43638.86,42603.1,42712.43
KSE-100,01-Aug-18,42742.89,42942.23,42527.44,42810.04
KSE-100,02-Aug-18,42936.7,42977.91,42286.2,42330.32
KSE-100,03-Aug-18,42233.74,42553.37,42097.07,42505.05
KSE-100,06-Aug-18,42564.41,42854.32,42452.97,42808.66
KSE-100,07-Aug-18,42838.3,42993.18,42705.04,42760.13
KSE-100,08-Aug-18,42784.8,42857.12,42639.24,42731.86
KSE-100,09-Aug-18,42760.66,42960.94,42695.22,42923.95
KSE-100,10-Aug-18,42957.1,43115.52,42798.88,42842.18
KSE-100,13-Aug-18,42813.29,42858.74,42594.14,42637.58
KSE-100,15-Aug-18,42764.95,42852.57,42368.07,42446.56
KSE-100,16-Aug-18,42422.98,42483.11,41750.54,41960.8
KSE-100,17-Aug-18,42006.53,42552.84,41992.16,42446.62
KSE-100,20-Aug-18,42610.88,42701.87,42309.05,42425.1
KSE-100,24-Aug-18,42445.43,42618.16,42280.54,42588.29
KSE-100,27-Aug-18,42618.01,42873.12,42612.51,42745.78
KSE-100,28-Aug-18,42730.05,42843.36,42514.27,42544.47
KSE-100,29-Aug-18,42564.34,42628.34,42157.63,42249.44
KSE-100,30-Aug-18,42261.44,42273.52,41659.26,41863.52
KSE-100,31-Aug-18,41888.23,42006.03,41626.47,41742.24
KSE-100,03-Sep-18,41731.76,41731.76,41192.04,41581.96
KSE-100,04-Sep-18,41594.98,41790.77,41555.84,41753.89
KSE-100,05-Sep-18,41766.77,41805.34,41493.66,41620.96
KSE-100,06-Sep-18,41609.97,41715.46,41222.84,41266.39
KSE-100,07-Sep-18,41329.63,41416.74,40793.7,40854.77
KSE-100,10-Sep-18,40860.6,40927.74,40369.17,40684.05
KSE-100,11-Sep-18,40723.4,40943.87,40519.03,40759.53
KSE-100,12-Sep-18,40768.98,40824.46,40424.09,40522.04
KSE-100,13-Sep-18,40498.05,41150.41,40339.04,41049.91
KSE-100,14-Sep-18,41147.91,41230.69,40789.76,40920.31
KSE-100,17-Sep-18,40933.53,40961.47,40254.67,40520.47
KSE-100,18-Sep-18,40540.53,41270.43,40438.01,41238.07
KSE-100,19-Sep-18,41299.73,41357.34,41100.58,41320.13
KSE-100,24-Sep-18,41394.97,41533.64,40899.28,41004.55
KSE-100,25-Sep-18,41018.81,41193.18,40957.3,41036.3
KSE-100,26-Sep-18,41073.37,41139.65,40717.78,40909.91
KSE-100,27-Sep-18,40904.34,40972.79,40382.41,40851.8
KSE-100,28-Sep-18,40862.69,41064.19,40621.08,40998.59
KSE-100,01-Oct-18,40985.03,41029.06,40709.29,40929.44
KSE-100,02-Oct-18,40974.07,41214.48,40739.76,40800.25
KSE-100,03-Oct-18,40818.6,40841.53,40471.3,40560.19
KSE-100,04-Oct-18,40568.92,40603.73,39993.98,40087.12
KSE-100,05-Oct-18,40081.75,40136.32,39030.03,39226.35
KSE-100,08-Oct-18,39224.88,39297.75,37769.51,37898.29
KSE-100,09-Oct-18,37965.23,39029.33,37965.23,38504.84
KSE-100,10-Oct-18,38551.3,38830.43,37894.09,38792.09
KSE-100,11-Oct-18,38743.35,38743.35,38249.73,38398.3
KSE-100,12-Oct-18,38445.08,38445.08,37401.86,37517.93
KSE-100,15-Oct-18,37453.24,37575.89,36274.25,36767.57
KSE-100,16-Oct-18,36784.07,37342.01,36491.55,36663.38
KSE-100,17-Oct-18,36686.2,37704.08,36686.2,37647.34
KSE-100,18-Oct-18,37806.08,38189.16,37438.38,37982.25
KSE-100,19-Oct-18,38019.32,38468.84,37756.78,38430.27
KSE-100,22-Oct-18,38520.73,38783.87,38258.14,38345.42
KSE-100,23-Oct-18,38363.29,38365.32,37582.69,37714.9
KSE-100,24-Oct-18,38580.29,39296.33,38580.29,39271.12
KSE-100,25-Oct-18,39697.7,40069.4,39407.41,39631.91
KSE-100,26-Oct-18,39736.39,40604.91,39375.42,40556.45
KSE-100,29-Oct-18,40575.1,41513.63,40575.1,41453.76
KSE-100,30-Oct-18,41648.88,41792.81,41366.58,41609.02
KSE-100,31-Oct-18,41611.95,41825.55,41237.48,41649.36
KSE-100,01-Nov-18,41616.27,41829.81,41454.54,41716.1
KSE-100,02-Nov-18,41701.98,42243.83,41607.16,42004.09
KSE-100,05-Nov-18,41892.22,41892.22,41033.87,41493.96
KSE-100,06-Nov-18,41432.27,41554.32,40757.03,40958.53
KSE-100,07-Nov-18,41326.74,41598.39,41235.44,41543.98
KSE-100,08-Nov-18,41623.58,41650.7,41283.68,41367.38
KSE-100,09-Nov-18,41332.75,41569.45,41207.97,41388.88
KSE-100,12-Nov-18,41414.31,41572.17,41052.97,41096.33
KSE-100,13-Nov-18,41112.26,41202.42,40760.49,41152.28
KSE-100,14-Nov-18,40854.89,41322.77,40763.44,40994.05
KSE-100,15-Nov-18,41018.6,41477.9,40940.34,41428.63
KSE-100,16-Nov-18,41536.07,41804.81,41441.74,41660.75
KSE-100,19-Nov-18,41682.92,41682.99,41240.51,41352.77
KSE-100,20-Nov-18,41376.42,41466.7,41213.56,41419.24
KSE-100,22-Nov-18,41367.89,41367.89,40795.96,40874.03
KSE-100,23-Nov-18,40839.64,40899.47,40655.08,40869.28
KSE-100,26-Nov-18,40882.1,41144.09,40664.17,40771.55
KSE-100,27-Nov-18,40825.54,40925.43,40520.47,40894.22
KSE-100,28-Nov-18,40944.66,41084.08,40653.71,40704.8
KSE-100,29-Nov-18,40717.95,40781.43,40462.91,40638.83
KSE-100,30-Nov-18,40625.67,40936.73,40328.19,40496.03
KSE-100,03-Dec-18,40383.27,40383.44,39011.29,39160.6
KSE-100,04-Dec-18,38889.68,39658.48,38889.24,39602.87
KSE-100,05-Dec-18,39607.1,39607.1,38718.42,39303.11
KSE-100,06-Dec-18,39371.09,39456.37,38236.92,38300.62
KSE-100,07-Dec-18,38300.33,38651.88,37779.01,38562.05
KSE-100,10-Dec-18,38826.23,39438.79,38826.23,39299.62
KSE-100,11-Dec-18,39338.68,39338.68,38800.28,38851.96
KSE-100,12-Dec-18,38770.56,38810.15,38130.07,38307.44
KSE-100,13-Dec-18,38328.51,38464.86,37766.96,38011.63
KSE-100,14-Dec-18,38062.64,38597.98,38032.46,38585.66
KSE-100,17-Dec-18,38542.41,38579.36,38203.63,38309.17
KSE-100,18-Dec-18,38245.98,38323.44,37978.58,38115.81
KSE-100,19-Dec-18,38051.78,38179.27,37859.18,38063.15
KSE-100,20-Dec-18,38069.42,38379.69,38014.48,38236.52
KSE-100,21-Dec-18,38241.05,38487.37,37845.42,38251.04
KSE-100,24-Dec-18,38222.81,38347.25,37934.01,38308.92
KSE-100,26-Dec-18,38318.41,38358.82,38168.54,38218.07
KSE-100,27-Dec-18,38382.24,38460.1,37701.16,37853.57
KSE-100,28-Dec-18,37822.29,37891.19,36916.67,37167.02
KSE-100,31-Dec-18,37071.76,37221.77,36802.4,37066.67
KSE-100,01-Jan-19,37067.98,38046.98,37046.21,37995.76
KSE-100,02-Jan-19,38046.7,38449.37,37708.48,37795.25
KSE-100,03-Jan-19,37800.63,37928.37,37374.05,37542.01
KSE-100,04-Jan-19,37565.24,37815.19,37473.9,37547.49
KSE-100,07-Jan-19,37621.24,38626.8,37621.24,38562.4
KSE-100,08-Jan-19,38632.14,39148.92,38599.06,39052.5
KSE-100,09-Jan-19,39201.03,39269.19,38816.34,38921.69
KSE-100,10-Jan-19,39023.67,39225.55,38996.47,39090.28
KSE-100,11-Jan-19,39116.62,39284.39,38794.68,39049.08
KSE-100,14-Jan-19,39177.03,39504.49,39138.76,39412.55
KSE-100,15-Jan-19,39430.2,39712.74,39358.16,39614.17
KSE-100,16-Jan-19,39608.15,39626.7,39225.41,39271.94
KSE-100,17-Jan-19,39265.66,39294.47,38773.27,39243.89
KSE-100,18-Jan-19,39253.45,39390.77,39091.52,39306.5
KSE-100,21-Jan-19,39345.13,39812.36,39345.13,39543.77
KSE-100,22-Jan-19,39557.26,39961.25,39485.76,39902.21
KSE-100,23-Jan-19,39971.54,40198.67,39904.28,40057.85
KSE-100,24-Jan-19,40592.67,40609.03,40218.01,40289.16
KSE-100,25-Jan-19,40307.01,40379.95,40161.8,40264.78
KSE-100,28-Jan-19,40277.09,40465.24,40261.18,40420.09
KSE-100,29-Jan-19,40421.95,40647.97,40306.71,40624.39
KSE-100,30-Jan-19,40644.33,40777.02,40530.69,40607.12
KSE-100,31-Jan-19,40635.66,40863.72,40635.66,40799.52
KSE-100,01-Feb-19,40810.7,41211.4,40789.98,41112.71
KSE-100,04-Feb-19,41209.08,41632.94,41209.08,41614.39
KSE-100,06-Feb-19,41693.37,41766.93,41417.82,41505.68
KSE-100,07-Feb-19,41529.25,41606.29,41289.12,41332.75
KSE-100,08-Feb-19,41358.68,41453.1,40790.55,40887.35
KSE-100,11-Feb-19,41038.02,41076.26,40218.37,40326.53
KSE-100,12-Feb-19,40326.19,40637.5,40269,40596.28
KSE-100,13-Feb-19,40692.74,40839.48,40484.58,40544.11
KSE-100,14-Feb-19,40544.99,40589.15,40318.01,40506.98
KSE-100,15-Feb-19,40515.2,40646.73,40360.91,40486.67
KSE-100,18-Feb-19,40605.13,40658.76,39995.59,40219.47
KSE-100,19-Feb-19,40242.45,40320.58,39932.63,39957.07
KSE-100,20-Feb-19,39943.99,40331.96,39688.75,40279.38
KSE-100,21-Feb-19,40317.66,40416.83,39882.23,40070.71
KSE-100,22-Feb-19,39982.37,40082.27,39799.74,40016.13
KSE-100,25-Feb-19,39990.34,40046.25,39550.65,39606.79
KSE-100,26-Feb-19,39421.88,39421.88,38726.73,38821.67
KSE-100,27-Feb-19,38630.12,38857.9,37323.6,38692.69
KSE-100,28-Feb-19,38815.24,39151.88,38558.45,39054.6
KSE-100,01-Mar-19,39083.98,39713.42,39083.98,39539.01
KSE-100,04-Mar-19,39550.18,39841.74,39499.36,39749.74
KSE-100,05-Mar-19,39775.16,39955.28,39598.91,39688.51
KSE-100,06-Mar-19,39718.18,39845.59,39494.25,39568.1
KSE-100,07-Mar-19,39662.44,39748.24,39257.53,39294.1
KSE-100,08-Mar-19,39313.75,39323.49,38854.63,38950.23
KSE-100,11-Mar-19,39012.48,39146.68,38875.82,38924.11
KSE-100,12-Mar-19,38937.01,39030.88,38647.24,38896.49
KSE-100,13-Mar-19,38874.25,39060.58,38827.62,38928.93
KSE-100,14-Mar-19,38936.09,39000.05,38751.6,38808.61
KSE-100,15-Mar-19,38799.91,38839.01,38187.71,38306.95
KSE-100,18-Mar-19,38355.84,38882.82,38161.72,38851.95
KSE-100,19-Mar-19,38913.36,39011.91,38528.11,38612.37
KSE-100,20-Mar-19,38600.56,38666.55,38427.64,38547.76
KSE-100,21-Mar-19,38548.18,38593.48,38202.28,38384.71
KSE-100,22-Mar-19,38437.16,38721.18,38389.86,38531.87
KSE-100,25-Mar-19,38520.35,38520.35,38053,38128.66
KSE-100,26-Mar-19,38161.08,38372.89,38039.21,38329.13
KSE-100,27-Mar-19,38382.06,38981.12,38371.08,38965.01
KSE-100,28-Mar-19,38960.67,38960.67,38417.45,38552.95
KSE-100,29-Mar-19,38555.65,38733.37,38483,38649.34
KSE-100,01-Apr-19,38633.56,38633.56,38211.08,38354.85
KSE-100,02-Apr-19,38423.14,38558.91,37932.29,38036.02
KSE-100,03-Apr-19,38050.8,38119.14,37855.09,38022.8
KSE-100,04-Apr-19,38037.79,38042.6,37412.75,37516.11
KSE-100,05-Apr-19,37517.13,37592.27,37307.14,37521.81
KSE-100,08-Apr-19,37552.9,37553.22,36738.96,36921.91
KSE-100,09-Apr-19,36906.3,37270.58,36593.2,37129.97
KSE-100,10-Apr-19,37138.79,37170.36,36464.85,36579.32
KSE-100,11-Apr-19,36555.2,36910.37,36499.34,36787.64
KSE-100,12-Apr-19,36788.89,37420.92,36741.7,37337.87
KSE-100,15-Apr-19,37431,37698.79,37281.15,37504.08
KSE-100,16-Apr-19,37519.57,37635.7,37337.74,37381.95
KSE-100,17-Apr-19,37386.47,37418.85,36690.19,36752.57
KSE-100,18-Apr-19,36737.51,36919.95,36417.71,36811.86
KSE-100,19-Apr-19,36827.08,37729.12,36818.61,37292.47
KSE-100,22-Apr-19,37474.8,37479.82,36839.29,36901.69
KSE-100,23-Apr-19,36901.24,36911.61,36136.11,36404.03
KSE-100,24-Apr-19,36375.22,36733.07,36332.28,36504.25
KSE-100,25-Apr-19,36520,36944.63,36514.71,36796.03
KSE-100,26-Apr-19,36806.86,37158.41,36787.19,37130.63
KSE-100,29-Apr-19,37201.59,37438.55,36945.55,37026.27
KSE-100,30-Apr-19,36993.38,37037.3,36704.6,36784.44
KSE-100,02-May-19,36776.22,36857.75,36506.58,36547.63
KSE-100,03-May-19,36544.9,36556.4,36071.1,36122.95
KSE-100,06-May-19,36127.08,36192.05,35570.38,35605.42
KSE-100,07-May-19,35597.8,35806.33,35491.05,35631.06
KSE-100,08-May-19,35666.78,35697.73,34849.57,35035.03
KSE-100,09-May-19,35025.23,35300.26,34828.94,34887.64
KSE-100,10-May-19,34856.43,34875.83,34646.78,34716.53
KSE-100,13-May-19,34850.59,35228.09,33779.66,33900.38
KSE-100,14-May-19,33932.93,34067.27,33691.66,33885.09
KSE-100,15-May-19,33998.92,34443.91,33928.25,34291.65
KSE-100,16-May-19,34361.39,34416.46,33569.64,33971.12
KSE-100,17-May-19,33933.67,33939.32,33005.99,33166.62
KSE-100,20-May-19,33037.18,33322.39,32352.4,33250.54
KSE-100,21-May-19,33260.94,33549.62,32852.23,33442.1
KSE-100,22-May-19,33618.29,34698.58,33618.29,34637.14
KSE-100,23-May-19,35176.79,35631.96,34897.37,35581.34
KSE-100,24-May-19,35635.17,35767.16,35434.07,35703.81
KSE-100,27-May-19,35818.33,35892.88,35607.39,35697.37
KSE-100,28-May-19,35690.61,35709.12,34898.59,34949.28
KSE-100,29-May-19,35083.36,35993.61,35083.36,35959.43
KSE-100,30-May-19,36218.83,36536.78,35655.25,35974.79
KSE-100,03-Jun-19,35890.48,35890.48,35424.06,35505.29
KSE-100,10-Jun-19,35365.02,35365.02,34468.16,34567.55
KSE-100,11-Jun-19,34408.07,34798.6,34262.05,34659.85
KSE-100,12-Jun-19,34617.62,35137.56,34607.71,34937.93
KSE-100,13-Jun-19,34880.34,35501.37,34858.14,35403.07
KSE-100,14-Jun-19,35443.4,35659.35,35295.64,35572.95
KSE-100,17-Jun-19,35601.39,35625.47,35109.94,35168.82
KSE-100,18-Jun-19,35166.09,35187.11,34608.61,34681.72
KSE-100,19-Jun-19,34673.53,34813.9,34522.41,34656.12
KSE-100,20-Jun-19,34691.8,35061.54,34645.96,34995.91
KSE-100,21-Jun-19,35106.58,35207.59,35036.3,35125.25
KSE-100,24-Jun-19,35147.18,35194.64,34368.46,34471.95
KSE-100,25-Jun-19,34416.62,34445.17,33984.6,34190.62
KSE-100,26-Jun-19,34261.32,34290.63,33731.41,34088.56
KSE-100,27-Jun-19,34101.39,34261.92,33521.38,33774.42
KSE-100,28-Jun-19,33776.37,33938.54,33408,33901.58
KSE-100,01-Jul-19,33963.89,34068.58,33825.85,33996.33
KSE-100,02-Jul-19,34013.28,34340.23,33918.92,34307.11
KSE-100,03-Jul-19,34320.93,34938.44,34320.93,34896.55
KSE-100,04-Jul-19,35132.54,35279.32,34466.62,34570.62
KSE-100,05-Jul-19,34525.67,34536.5,34062.98,34190.02
KSE-100,08-Jul-19,34184.57,34230.62,33686.2,33742.68
KSE-100,09-Jul-19,33750.85,34051.01,33655.93,33855.58
KSE-100,10-Jul-19,33887.27,33955,33796.91,33840.05
KSE-100,11-Jul-19,33879.14,33959.23,33722.28,33875.4
KSE-100,12-Jul-19,33865.68,34001.76,33598.36,33672.49
KSE-100,15-Jul-19,33644.53,33646.59,32895.82,32958.35
KSE-100,16-Jul-19,32914.92,33093.79,32604.64,32972.02
KSE-100,17-Jul-19,33028.93,33381.32,32835.05,32981.99
KSE-100,18-Jul-19,32949.25,33014.74,32223.54,32309.54
KSE-100,19-Jul-19,32251.51,32549.31,31901.26,32458.77
KSE-100,22-Jul-19,32625.27,32735.83,32391.55,32584.55
KSE-100,23-Jul-19,32602,32758.44,32454.96,32715.88
KSE-100,24-Jul-19,32726.15,32765.08,32348.91,32401.4
KSE-100,25-Jul-19,32484.35,32502.22,32150.26,32446.4
KSE-100,26-Jul-19,32438.51,32439.16,32031.37,32103.27
KSE-100,29-Jul-19,32105.75,32122.09,31717.76,31734.23
KSE-100,30-Jul-19,31724.81,31775,31485.76,31658.12
KSE-100,31-Jul-19,31668.41,31968.78,31544.32,31938.48
KSE-100,01-Aug-19,32035.61,32060.58,31780.89,31839.11
KSE-100,02-Aug-19,31840.88,31842.3,31431.13,31666.41
KSE-100,05-Aug-19,31610.72,31612.48,30978.96,31180.8
KSE-100,06-Aug-19,31177.17,31333.4,30939.29,31000.67
KSE-100,07-Aug-19,30984.37,30995.75,30229.38,30277.45
KSE-100,08-Aug-19,30220.84,30220.84,29400.28,29737.98
KSE-100,09-Aug-19,29732.34,30036.94,29332.8,29429.07
KSE-100,16-Aug-19,29415.97,29415.97,28691.79,28764.63
KSE-100,19-Aug-19,28779.34,29609.16,28670.98,29562.42
KSE-100,20-Aug-19,29647.99,30503.11,29647.99,30419.22
KSE-100,21-Aug-19,30579.36,31103.07,30426.39,30972.75
KSE-100,22-Aug-19,31163.01,31913.32,31163.01,31884.45
KSE-100,23-Aug-19,31962.97,32100.56,31225.06,31350.01
KSE-100,26-Aug-19,31310.43,31310.43,30410.54,30520.6
KSE-100,27-Aug-19,30458.31,30642.38,29951,30584.85
KSE-100,28-Aug-19,30660.64,31112.82,30551.91,30637.71
KSE-100,29-Aug-19,30592.84,30808.44,30110.49,30158.96
KSE-100,30-Aug-19,30144.98,30315.02,29559.82,29672.12
KSE-100,02-Sep-19,29738.28,30178.57,29738.28,30057.29
KSE-100,03-Sep-19,30082.29,30247.32,29739.58,29809.68
KSE-100,04-Sep-19,29805.66,30378.13,29468.12,30244.73
KSE-100,05-Sep-19,30370.9,30745.3,30144.06,30214.77
KSE-100,06-Sep-19,30218.36,30550.93,30011.5,30467.2
KSE-100,11-Sep-19,30531.05,31022.5,30531.05,30954.83
KSE-100,12-Sep-19,30950.85,31846.68,30950.85,31546.61
KSE-100,13-Sep-19,31614.09,31630.07,31279.83,31481.31
KSE-100,16-Sep-19,31825.85,31954.56,31628.99,31928.55
KSE-100,17-Sep-19,32004.33,32106.19,31769.98,31908.92
KSE-100,18-Sep-19,31887.42,31887.42,31508.75,31555.47
KSE-100,19-Sep-19,31534.63,32235.29,31475,32184.03
KSE-100,20-Sep-19,32240.35,32332.73,32055.3,32111.1
KSE-100,23-Sep-19,32147.65,32147.65,31709.26,31751.21
KSE-100,24-Sep-19,31755.59,31892.23,31436.22,31829.24
KSE-100,25-Sep-19,31804.79,31868.62,31472.02,31565.21
KSE-100,26-Sep-19,31588.52,31592.11,31272.06,31433.89
KSE-100,27-Sep-19,31528.13,32085.73,31368.81,32070.81
KSE-100,30-Sep-19,32131.37,32395.67,31929.62,32078.85
KSE-100,01-Oct-19,32084.66,32290.7,31995.53,32254.32
KSE-100,02-Oct-19,32250.06,32390.15,32180.1,32363.35
KSE-100,03-Oct-19,32426.22,32834.89,32279.86,32752.25
KSE-100,04-Oct-19,32782.47,33053.79,32698.97,33033.32
KSE-100,07-Oct-19,33047.79,33850.96,32947.22,33636.82
KSE-100,08-Oct-19,33740.52,33876.62,33409.12,33476.62
KSE-100,09-Oct-19,33443.64,33604.55,33339.32,33523.74
KSE-100,10-Oct-19,33540.89,34048.44,33540.89,34027.7
KSE-100,11-Oct-19,34091.49,34690.76,34091.49,34475.69
KSE-100,14-Oct-19,34507.27,34697.92,34123.82,34186.26
KSE-100,15-Oct-19,34197.85,34259.23,33929,34083.53
KSE-100,16-Oct-19,34186.27,34434.45,34122.84,34281.09
KSE-100,17-Oct-19,34293.09,34361.85,33830.1,33898.56
KSE-100,18-Oct-19,33934.92,34096.39,33666.41,33870.15
KSE-100,21-Oct-19,33871.83,33885.47,33069.93,33084.73
KSE-100,22-Oct-19,33107.28,33240.1,32958.63,33198.96
KSE-100,23-Oct-19,33277.36,33639.76,33277.36,33439.69
KSE-100,24-Oct-19,33467.06,33862.64,33446.04,33762.48
KSE-100,25-Oct-19,33791.12,33943.81,33597.86,33657.46
KSE-100,28-Oct-19,33731.87,34010.83,33572.34,33861.59
KSE-100,29-Oct-19,33959.94,34016.8,33715.97,33797.51
KSE-100,30-Oct-19,33811.6,33952.57,33670.7,33761.41
KSE-100,31-Oct-19,33798.97,34306,33792.75,34203.68
KSE-100,01-Nov-19,34182.89,34490.96,34108.01,34377.61
KSE-100,04-Nov-19,34421.52,35309.05,34421.52,35277.46
KSE-100,05-Nov-19,35415.05,35608.77,35240.37,35358.31
KSE-100,06-Nov-19,35522.9,35985.21,35522.9,35653.33
KSE-100,07-Nov-19,35802.97,35834.24,35458.1,35758.52
KSE-100,08-Nov-19,35778.44,36048.52,35768.22,35978.16
KSE-100,11-Nov-19,36091.35,36817.73,36091.35,36803.1
KSE-100,12-Nov-19,37065.63,37182.5,36672.22,36765.56
KSE-100,13-Nov-19,36800.41,37289.41,36481.03,37166.96
KSE-100,14-Nov-19,37320.05,37507.02,37129.98,37243.2
KSE-100,15-Nov-19,37351.94,37634.75,37224.87,37583.89
KSE-100,18-Nov-19,37910.04,38452.73,37910.04,38411.56
KSE-100,19-Nov-19,38597.32,38911.46,38391.89,38564.37
KSE-100,20-Nov-19,38643.99,38662.3,37977.63,38037.68
KSE-100,21-Nov-19,38046.34,38096.56,37033.28,37101.31
KSE-100,22-Nov-19,37118.43,37949.83,36953.96,37925.79
KSE-100,25-Nov-19,37986.33,38293.08,37839.03,38212.28
KSE-100,26-Nov-19,38254.26,38568.05,37535.89,37795.05
KSE-100,27-Nov-19,37889.52,38122.72,37671.39,38122.72
KSE-100,28-Nov-19,38194.27,38847.19,38161.2,38706.27
KSE-100,29-Nov-19,38874.55,39452.76,38874.55,39287.65
KSE-100,02-Dec-19,39521.18,40144.12,39313.04,40124.22
KSE-100,03-Dec-19,40344.8,40444.05,39725.53,39788.73
KSE-100,04-Dec-19,39845.12,40307.53,39659.43,40270.52
KSE-100,05-Dec-19,40494.97,40813.53,40493.23,40641.1
KSE-100,06-Dec-19,40714.23,40987.76,40594.17,40732.25
KSE-100,09-Dec-19,40804.44,40922.43,40313.74,40442.8
KSE-100,10-Dec-19,40479.07,40704.22,40259.03,40664.6
KSE-100,11-Dec-19,40741.89,40911.19,40450.98,40531.42
KSE-100,12-Dec-19,40556.78,40773.66,40170.24,40514.17
KSE-100,13-Dec-19,40576.35,41077.83,40565.97,40916.59
KSE-100,16-Dec-19,41013.59,41701.04,41013.59,41644.88
KSE-100,17-Dec-19,41911.75,42056.14,41020.89,41768.66
KSE-100,18-Dec-19,41667.73,41920.62,41389.39,41603.71
KSE-100,19-Dec-19,41627.18,41796.33,40414.36,40655.37
KSE-100,20-Dec-19,40748.92,41054.42,40489.49,40832.99
KSE-100,23-Dec-19,40801.88,40801.88,39931.78,40008.29
KSE-100,24-Dec-19,39957.73,40489.41,39454.79,40328.32
KSE-100,26-Dec-19,40370.08,41148.72,40370.08,41127.79
KSE-100,27-Dec-19,41197.33,41289.68,40722.02,40848.53
KSE-100,30-Dec-19,40971.38,41295.28,40814.8,40887.62
KSE-100,31-Dec-19,40928.41,40997.5,40671.67,40735.08
KSE-100,01-Jan-20,40767.93,41544.05,40767.93,41400
KSE-100,02-Jan-20,41583.59,42545.33,41582.22,42480.76
KSE-100,03-Jan-20,42815.03,42835.34,42077.15,42323.3
KSE-100,06-Jan-20,41900.35,41900.35,41206.49,41296.24
KSE-100,07-Jan-20,41445.96,41968.82,41331.95,41904.47
KSE-100,08-Jan-20,41493.63,41939.47,41171.14,41357.56
KSE-100,09-Jan-20,41993.99,42556.01,41993.99,42523.07
KSE-100,10-Jan-20,42650.1,43241.78,42650.1,43207.05
KSE-100,13-Jan-20,43289.94,43453.34,43037.44,43218.67
KSE-100,14-Jan-20,43272.46,43468.49,43095.41,43207.04
KSE-100,15-Jan-20,43212.59,43241.06,42877.9,42993.03
KSE-100,16-Jan-20,43015.81,43205.26,42805.73,43065.1
KSE-100,17-Jan-20,43093.16,43246.61,43016.6,43167.77
KSE-100,20-Jan-20,43245.13,43305.42,42632.53,42747.63
KSE-100,21-Jan-20,42816.68,42965.41,42337.69,42626.48
KSE-100,22-Jan-20,42634.75,42675.42,42143.9,42561.27
KSE-100,23-Jan-20,42646.2,42907.32,42435.4,42506.95
KSE-100,24-Jan-20,42472.94,42707.43,42250.56,42633.03
KSE-100,27-Jan-20,42676.83,42738.56,42471.07,42539.23
KSE-100,28-Jan-20,42504.69,42504.69,42152.44,42299.19
KSE-100,29-Jan-20,42306.65,42429.49,41790.81,41898.7
KSE-100,30-Jan-20,41888.79,41982.7,41548.04,41903.51
KSE-100,31-Jan-20,41976.47,42137.59,41558.74,41630.94
KSE-100,03-Feb-20,41376.72,41376.72,40233.47,40409.38
KSE-100,04-Feb-20,40474.63,40954.93,40343.19,40884.25
KSE-100,06-Feb-20,41028.85,41163.82,40684.18,40724.41
KSE-100,07-Feb-20,40869.49,40869.49,40046.48,40143.63
KSE-100,10-Feb-20,40150.34,40150.34,39195.83,39296.7
KSE-100,11-Feb-20,39408.62,39985.96,39084.86,39714.46
KSE-100,12-Feb-20,39855.3,40637.79,39850.94,40531.13
KSE-100,13-Feb-20,40629,40787.24,40323.42,40455.44
KSE-100,14-Feb-20,40594.24,40603.16,40094.07,40243.26
KSE-100,17-Feb-20,40251.26,40522.63,40047.38,40276.93
KSE-100,18-Feb-20,40325.75,40600.8,40064.36,40175.35
KSE-100,19-Feb-20,40221.82,40644.06,40212.3,40574.52
KSE-100,20-Feb-20,40660.52,40698.1,40447.78,40481.65
KSE-100,21-Feb-20,40496.11,40527.08,40171.1,40249.22
KSE-100,24-Feb-20,40238.25,40238.25,39079.78,39143.73
KSE-100,25-Feb-20,39039.03,39249.56,38693.02,38858.45
KSE-100,26-Feb-20,38964.79,38980.1,38074.16,38338.33
KSE-100,27-Feb-20,37985.57,38242.12,36918.22,38087.32
KSE-100,28-Feb-20,37925.95,38307.07,37756.98,37983.62
KSE-100,02-Mar-20,38077.3,39362.29,38077.3,39296.3
KSE-100,03-Mar-20,39514.24,39866.46,39057.53,39199.68
KSE-100,04-Mar-20,39218.73,39262.55,38758.89,38906.4
KSE-100,05-Mar-20,38992.89,39742.52,38992.89,39382.11
KSE-100,06-Mar-20,39193.74,39193.74,38122.96,38219.67
KSE-100,09-Mar-20,36887,37071.54,35914.03,37058.95
KSE-100,10-Mar-20,36829.3,37734.75,36829.3,37695.75
KSE-100,11-Mar-20,37902.29,38333.09,37519.44,37673.25
KSE-100,12-Mar-20,37160.88,37254.83,35884.22,35956.69
KSE-100,13-Mar-20,35343.45,36230.24,34266.91,36060.88
KSE-100,16-Mar-20,35758.94,35758.94,33617.32,33684.91
KSE-100,17-Mar-20,33365.99,33893.84,32416.41,32616.93
KSE-100,18-Mar-20,32206.47,32206.47,30378.68,30416.05
KSE-100,19-Mar-20,28853.62,30520.29,28452.44,30129.83
KSE-100,20-Mar-20,30846.1,30928.05,29903.81,30667.41
KSE-100,24-Mar-20,28842.32,28878.31,28510.45,28564.83
KSE-100,25-Mar-20,28665.85,28798.13,27169.14,27228.8
KSE-100,26-Mar-20,27046.71,28191.33,27046.71,27267.2
KSE-100,27-Mar-20,27247.44,28273.09,27152.66,28109.57
KSE-100,30-Mar-20,27982.46,28114.1,27461.59,28023.39
KSE-100,31-Mar-20,28085.25,29334.77,28028.47,29231.63
KSE-100,01-Apr-20,29253.49,29692.19,28902.08,29505.57
KSE-100,02-Apr-20,29573.58,30842,29458.02,30782.66
KSE-100,03-Apr-20,31267.64,31817.1,31254.21,31621.79
KSE-100,06-Apr-20,31915.41,31915.41,30499.79,30579.15
KSE-100,07-Apr-20,30653.71,31306.3,30653.71,31231.55
KSE-100,08-Apr-20,31205.63,31239.72,30775.45,30971.27
KSE-100,09-Apr-20,31248.63,32009.87,31248.63,31837.3
KSE-100,10-Apr-20,31728.18,32086.1,31377.1,32033.2
KSE-100,13-Apr-20,31953.34,31953.34,30927.91,31032.99
KSE-100,14-Apr-20,30979.68,31395.75,30941.07,31222.74
KSE-100,15-Apr-20,31388.3,31798.33,31180.66,31242.19
KSE-100,16-Apr-20,31259.86,31447.22,31016.01,31329.46
KSE-100,17-Apr-20,31470.39,33257.15,31434.31,32831.83
KSE-100,20-Apr-20,33046.89,33857.54,33046.89,33499.65
KSE-100,21-Apr-20,33499.65,33499.65,32296.5,32422.83
KSE-100,22-Apr-20,32170.28,32640.17,31892.2,32464.23
KSE-100,23-Apr-20,32832.54,32940.31,32448.15,32850.83
KSE-100,24-Apr-20,32978.41,33069.17,32737.97,32806.38
KSE-100,27-Apr-20,32608.85,32632.85,32131.08,32314.57
KSE-100,28-Apr-20,32284.78,32635.91,32284.78,32553.39
KSE-100,29-Apr-20,32763.98,33158.84,32763.98,33158.84
KSE-100,30-Apr-20,33493.09,34178.57,33493.09,34111.64
KSE-100,04-May-20,34020.51,34163.92,33709.34,33916.64
KSE-100,05-May-20,34253.44,34385.76,33857.83,33992.75
KSE-100,06-May-20,34107.05,34123.01,33675.49,33728.18
KSE-100,07-May-20,33636.43,33811.36,33238.26,33304.16
KSE-100,08-May-20,33420.09,33501.3,33159.05,33267.69
KSE-100,11-May-20,33304.66,33325.54,33126.15,33283.79
KSE-100,12-May-20,33412.17,33628.37,33387.92,33603.02
KSE-100,13-May-20,33728.04,33802.87,33634.15,33693.04
KSE-100,14-May-20,33897.18,33997.29,33686.86,33804.9
KSE-100,15-May-20,33893.41,34041.44,33822.81,34008.33
KSE-100,18-May-20,34365.84,34394.66,33762.67,33804.97
KSE-100,19-May-20,33929.01,34350.78,33913.94,34158.55
KSE-100,20-May-20,34216.54,34224.15,33786.96,33932.81
KSE-100,21-May-20,34009.54,34049,33757.37,33836.61
KSE-100,28-May-20,33822.27,33822.27,33598.4,33695.42
KSE-100,29-May-20,33766.76,34049.17,33757.77,33931.23
KSE-100,01-Jun-20,34047.98,34062.14,33820.06,34021.97
KSE-100,02-Jun-20,34078.53,34525.4,34035.34,34408.05
KSE-100,03-Jun-20,34582.26,34657.73,34354.87,34401.42
KSE-100,04-Jun-20,34390.44,34410.05,34090.13,34119.39
KSE-100,05-Jun-20,34129.74,34367.74,34081,34350.42
KSE-100,08-Jun-20,34582.82,34771.89,34571.02,34749.57
KSE-100,09-Jun-20,34768.53,34855.39,34686.97,34803.6
KSE-100,10-Jun-20,34823.15,35113.97,34823.15,35065.08
KSE-100,11-Jun-20,35113.77,35253.5,34995.42,35128.58
KSE-100,12-Jun-20,34818.83,34820.4,34503.94,34611.23
KSE-100,15-Jun-20,34547,34547,33814.8,33824.51
KSE-100,16-Jun-20,33890.22,34138.54,33848.47,34019.12
KSE-100,17-Jun-20,34073.69,34396.45,33775.76,33848.68
KSE-100,18-Jun-20,33842.3,33919.82,33471.45,33539.85
KSE-100,19-Jun-20,33594.58,33701.42,33368.77,33438.94
KSE-100,22-Jun-20,33479.82,33794.87,33070.46,33737.92
KSE-100,23-Jun-20,33807.35,34072.97,33802.19,34052.61
KSE-100,24-Jun-20,34068.3,34161.02,33937.63,34034.65
KSE-100,25-Jun-20,33943.82,33974.31,33657.78,33709.63
KSE-100,26-Jun-20,34028.77,34030.12,33864.23,33939.49
KSE-100,29-Jun-20,34007.68,34207.09,33719.51,34181.8
KSE-100,30-Jun-20,34221.7,34424.82,34145.79,34421.92
KSE-100,01-Jul-20,34441.69,34925.45,34409.49,34889.41
KSE-100,02-Jul-20,34965.89,35177.51,34905.33,34978.18
KSE-100,03-Jul-20,35014.43,35105.16,34918.32,35051.38
KSE-100,06-Jul-20,35122.61,35238.81,35001.56,35202.77
KSE-100,07-Jul-20,35253.65,35474.82,35212.88,35373.35
KSE-100,08-Jul-20,35445.5,35703.22,35445.5,35694.89
KSE-100,09-Jul-20,35836.62,36190.7,35820.72,36142.17
KSE-100,10-Jul-20,36105.82,36279.56,36003.18,36190.4
KSE-100,13-Jul-20,36348.43,36724.62,36347.18,36618.57
KSE-100,14-Jul-20,36669.79,36936.31,36528.06,36745.22
KSE-100,15-Jul-20,36851.23,36891.98,36638.07,36679.03
KSE-100,16-Jul-20,36778.83,37029.44,36767.8,37001.44
KSE-100,17-Jul-20,37077.27,37354.15,37077.27,37330.85
KSE-100,20-Jul-20,37488.7,37742.1,37488.7,37650.57
KSE-100,21-Jul-20,37748.7,37941.42,37368.52,37700.31
KSE-100,22-Jul-20,37778.09,37986.37,37550.59,37804.61
KSE-100,23-Jul-20,37953.76,38106.95,37540.7,37578.21
KSE-100,24-Jul-20,37595.59,37863.35,37259.17,37607.62
KSE-100,27-Jul-20,37659.64,38291.77,37625.79,38221.16
KSE-100,28-Jul-20,38378.87,38700.96,38376.87,38627.27
KSE-100,29-Jul-20,38780.92,39124.65,38689.51,38836.27
KSE-100,30-Jul-20,38933.04,39270.46,38781.18,39258.44
KSE-100,03-Aug-20,39389.64,39928.92,39389.64,39871.61
KSE-100,04-Aug-20,39958.51,40334.43,39529.25,39577.62
KSE-100,05-Aug-20,39650.24,39940.22,39425.57,39882.78
KSE-100,06-Aug-20,40103.99,40426.17,39955.83,40166.12
KSE-100,07-Aug-20,40254.82,40467.09,39961.92,40029.69
KSE-100,10-Aug-20,40122.72,40195.22,39825.21,39914.76
KSE-100,11-Aug-20,40049.29,40707.1,40049.29,40559.15
KSE-100,12-Aug-20,40838.17,41119.25,40388.37,40473.18
KSE-100,13-Aug-20,40543.25,40564.18,39898.22,40290.74
KSE-100,17-Aug-20,40394.06,40406.58,39939.69,40122.5
KSE-100,18-Aug-20,40346.55,40435.2,40111.68,40184.01
KSE-100,19-Aug-20,40237.68,40427.9,40061.3,40154.11
KSE-100,20-Aug-20,40183.26,40249.63,39768.38,39868.55
KSE-100,21-Aug-20,39840.12,39866.42,39240.07,39621.59
KSE-100,24-Aug-20,39637.95,39824.83,39473.11,39802.6
KSE-100,25-Aug-20,39962.67,40340.79,39962.67,40292.82
KSE-100,26-Aug-20,40390.95,40894.53,40343.63,40862.59
KSE-100,27-Aug-20,40977.11,41277.89,40974.62,41081.94
KSE-100,28-Aug-20,41078.26,41165.8,40994.04,41056.22
KSE-100,31-Aug-20,41153.02,41311.06,41016.56,41110.93
KSE-100,01-Sep-20,41164.79,41401.89,41096.06,41377.26
KSE-100,02-Sep-20,41519.76,41933.52,41519.76,41834.85
KSE-100,03-Sep-20,41993.55,42212.93,41993.55,42188.11
KSE-100,04-Sep-20,42131.53,42291.92,41922.41,42023
KSE-100,07-Sep-20,42142.69,42400.25,42030.6,42295.75
KSE-100,08-Sep-20,42427.24,42529.7,41912.6,41985.19
KSE-100,09-Sep-20,41885.12,42196.71,41610.73,42022.25
KSE-100,10-Sep-20,42224.76,42898.09,42224.76,42647.35
KSE-100,11-Sep-20,42745.81,42869.69,42454.44,42530.67
KSE-100,14-Sep-20,42631.77,42722.59,42367.81,42531.31
KSE-100,15-Sep-20,42594.98,42831.01,42263.22,42346.42
KSE-100,16-Sep-20,42442.15,42544.87,42088.12,42282.28
KSE-100,17-Sep-20,42475.17,42632.41,42276.59,42334.76
KSE-100,18-Sep-20,42371.36,42554.84,42234.38,42504.76
KSE-100,21-Sep-20,42524.17,42553.23,42120.88,42174.13
KSE-100,22-Sep-20,42115.94,42161.24,41672.45,41828.91
KSE-100,23-Sep-20,41869.18,42023.06,41753.4,41876.26
KSE-100,24-Sep-20,41900.33,41942.35,41416.9,41806.37
KSE-100,25-Sep-20,41805.23,42100.73,41601.94,41701.23
KSE-100,28-Sep-20,41723.82,41785.73,40640.22,40740.95
KSE-100,29-Sep-20,40694.84,41445.47,40389.8,41204.36
KSE-100,30-Sep-20,41285.16,41439.61,40494.9,40571.48
KSE-100,01-Oct-20,40521.93,40739.09,40112.29,40676.92
KSE-100,02-Oct-20,40655.87,40844.29,39902.28,40070.83
KSE-100,05-Oct-20,40029.11,40029.11,38864.77,39072.47
KSE-100,06-Oct-20,39134.03,39349.29,38568.95,39127.48
KSE-100,07-Oct-20,39233.86,39920.8,39160.14,39849.96
KSE-100,08-Oct-20,39953.82,40414.23,39865.93,40353.62
KSE-100,09-Oct-20,40370.82,40840.57,40304.84,40798.43
KSE-100,12-Oct-20,40822.71,41052.03,40149.06,40209.82
KSE-100,13-Oct-20,40202.75,40301.36,39645.73,40006.67
KSE-100,14-Oct-20,40062.98,40183.87,39840.35,40144.29
KSE-100,15-Oct-20,40233.28,40533.67,39999.16,40068.49
KSE-100,16-Oct-20,40097.74,40220.73,39742.25,40164.02
